source,kind,format,spec,name,tags,creator,version,desc_len,personality_len,scenario_len,first_mes_len,system_prompt_len,phi_len,world_book,book_entries
.obsidian/core-plugins.json,unknown,json,,,,,,0,0,0,0,0,0,,0
.obsidian/workspace.json,unknown,json,,,,,,0,0,0,0,0,0,,0
20-Agent-Harness/01-协议/evidence-ledger.schema.json,unknown,json,,,,,,0,0,0,0,0,0,,0
20-Agent-Harness/01-协议/result.schema.json,unknown,json,,,,,,0,0,0,0,0,0,,0
20-Agent-Harness/01-协议/task-envelope.schema.json,unknown,json,,,,,,0,0,0,0,0,0,,0
20-Agent-Harness/01-协议/trace.schema.json,unknown,json,,,,,,0,0,0,0,0,0,,0
50-创意库/借书卡背面的情书/06-发布/毒舌学姐的借书卡背面，写满了我的名字-v1.0.0.json,card,json,chara_card_v2,毒舌学姐的借书卡背面，写满了我的名字,纯爱;校园;图书馆;毒舌;反差;暗恋;救赎;甜宠;双路线;攻略,猫妖,1.0.0,516,137,64,729,455,49,,3
50-创意库/借书卡背面的情书/06-发布/毒舌学姐的借书卡背面，写满了我的名字-v1.0.0.png,card,png,chara_card_v2,毒舌学姐的借书卡背面，写满了我的名字,纯爱;校园;图书馆;毒舌;反差;暗恋;救赎;甜宠;双路线;攻略,猫妖,1.0.0,516,137,64,729,455,49,,3
50-创意库/妄想天使-经纪人的特别演出/06-发布/妄想天使-经纪人的特别演出-v1.0.0.json,card,json,chara_card_v2,妄想天使：经纪人的特别演出,绝区零;妄想天使;虚拟偶像;群像;爱芮;千夏;南宫羽;同人;经纪人;新艾利都,猫妖,1.0.0,381,104,72,379,560,52,,6
50-创意库/妄想天使-经纪人的特别演出/06-发布/妄想天使-经纪人的特别演出-v1.0.0.png,card,png,chara_card_v2,妄想天使：经纪人的特别演出,绝区零;妄想天使;虚拟偶像;群像;爱芮;千夏;南宫羽;同人;经纪人;新艾利都,猫妖,1.0.0,381,104,72,379,560,52,,6
50-创意库/山河为聘/06-发布/萧衍·山河为聘-v1.1.0.json,card,json,chara_card_v2,萧衍·山河为聘,女性向;宫廷;古风;先婚后爱;言情;摄政王;和亲,@maoyaoyi 猫妖,1.1.0,951,40,101,374,0,0,山河为聘·世界书,7
50-创意库/山河为聘/06-发布/萧衍·山河为聘.json,card,json,chara_card_v2,萧衍·山河为聘,女性向;宫廷;古风;先婚后爱;言情;摄政王;和亲,@maoyaoyi 猫妖,1.0.0,951,40,101,374,0,0,山河为聘·世界书,7
50-创意库/玛尔恰娜-海洋进修/玛尔恰娜_同人卡.json,card,json,chara_card_v2,玛律恰娜：海洋研修,NIKKE;玛律恰娜;玛律恰那;海洋研修;泳装;教师;反差萌;夏日;企鹅救援队;同人,猫妖,1.5,863,63,63,398,442,45,,0
50-创意库/玛尔恰娜-海洋进修/玛尔恰娜_同人卡.png,card,png,chara_card_v2,玛律恰娜：海洋研修,NIKKE;玛律恰娜;玛律恰那;海洋研修;泳装;教师;反差萌;夏日;企鹅救援队;同人,猫妖,1.5,863,63,63,398,442,45,,0
50-创意库/素材库/世界书/世界书/BDSM道具 2025.5.5.json,worldbook,json,,,,,,0,0,0,0,0,0,,56
50-创意库/素材库/世界书/世界书/XP三册/XP三册/-【基本】XP兼特征兼行为兼规则兼世界观世界书·第一册.json,worldbook,json,,,,,,0,0,0,0,0,0,,110
50-创意库/素材库/世界书/世界书/XP三册/XP三册/-【基本】XP兼特征兼行为兼规则兼世界观世界书·第三册.json,worldbook,json,,,,,,0,0,0,0,0,0,,112
50-创意库/素材库/世界书/世界书/XP三册/XP三册/-【基本】XP兼特征兼行为兼规则兼世界观世界书·第二册.json,worldbook,json,,,,,,0,0,0,0,0,0,,107
50-创意库/素材库/世界书/世界书/文风/舞台剧文风.json,worldbook,json,,,,,,0,0,0,0,0,0,,4
50-创意库/素材库/世界书/世界书/文风/！百合文风.json,worldbook,json,,,,,,0,0,0,0,0,0,,5
50-创意库/素材库/世界书/世界书/文风/🦜文风·雨楼清歌.json,worldbook,json,,,,,,0,0,0,0,0,0,,1
50-创意库/素材库/世界书/世界书/百合情趣玩法V1.json,worldbook,json,,,,,,0,0,0,0,0,0,,36
50-创意库/素材库/定制/定制/猫妖/@abzdh123 哈哈哈哈 嗨嗨嗨 李倩/李倩.png,card,png,chara_card_v2,李倩,母子;空姐;足交;丝袜;定制;猫妖;李倩;SM,@maoyaoyi ( 猫妖 ),1.0,1307,0,0,941,0,0,李倩,1
50-创意库/素材库/定制/定制/真白/Allen weels 120rmb 美诱小姐/Allen weels 120rmb 美诱小姐.png,card,png,chara_card_v2,美诱小姐,,,,523,0,0,95,0,0,贡主语气,2
50-创意库/素材库/正则/正则/18g - 折叠思维链(二选一).json,unknown,json,,,,,,0,0,0,0,0,0,,0
50-创意库/素材库/正则/正则/18g - 隐藏多余内容(隐藏单引号、免责声明、沙盒报告、字数控制).json,unknown,json,,,,,,0,0,0,0,0,0,,0
50-创意库/素材库/正则/正则/18g - 隐藏思维链(二选一).json,unknown,json,,,,,,0,0,0,0,0,0,,0
50-创意库/素材库/正则/正则/删除多余内容.json,unknown,json,,,,,,0,0,0,0,0,0,,0
50-创意库/素材库/正则/正则/隐藏模型思维think.json,unknown,json,,,,,,0,0,0,0,0,0,,0
50-创意库/素材库/正则/正则/隐藏正文的thinking.json,unknown,json,,,,,,0,0,0,0,0,0,,0
50-创意库/素材库/破限预设/破限/18g - 百变助手2.0d.json,unknown,json,,,,,,0,0,0,0,0,0,,0
50-创意库/素材库/破限预设/破限/18g - 百变助手2.1h.json,unknown,json,,,,,,0,0,0,0,0,0,,0
50-创意库/素材库/破限预设/破限/18g - 百变助手快速回复.json,card,json,,18g - 百变助手,,,,0,0,0,0,0,0,,0
50-创意库/素材库/破限预设/破限/[主预设] V17.1 狐神抚 · 毓忻.json,unknown,json,,,,,,0,0,0,0,0,0,,0
50-创意库/素材库/破限预设/破限/mr鹿鹿预设 2.7.9.json,unknown,json,,,,,,0,0,0,0,0,0,,0
50-创意库/素材库/社区参考/卷狗？/旅程/-.png,card,png,chara_card_v3,原神-璃月,,,V2025.06.05,1428,0,0,2170,0,0,原神–璃月,21
50-创意库/素材库/社区参考/卷狗？/旅程/-_.png,card,png,chara_card_v3,林美芸 - 校霸妈妈,校霸妈妈;贵妇;P罩杯;巨乳;熟女;道歉;暗藏欲望;反差;支配欲;禁忌,龙傲天,2.0,310,892,439,365,1335,864,林美芸的世界设定集_v1,20
50-创意库/素材库/社区参考/卷狗？/旅程/-_1.png,card,png,chara_card_v3,所有男性全是绿帽癖的禁断职场世界 - 高桥留美子,绿帽癖世界;职场;女上司;OL;成熟女性;禁断;电话调情暗示;黑色丝袜;高桥留美子;R18,龙傲天,2.0,107,2287,492,328,1277,616,绿帽癖禁断职场_世界书,22
50-创意库/素材库/社区参考/卷狗？/旅程/0.6.png,card,png,chara_card_v3,世界调制模式·古代篇（0.6）,武侠;系统,龙使者德丽莎,0.6（普通版）,1407,0,2,667,0,0,世界调制模式·古代篇(测试),37
50-创意库/素材库/社区参考/卷狗？/旅程/1.png,card,png,chara_card_v3,《弥赛亚之吻》,,,,216,0,0,1050,0,0,《弥赛亚之吻》,11
50-创意库/素材库/社区参考/卷狗？/旅程/11163901fe4100f6.png,card,png,chara_card_v3,男性至高的媚男世界,男性至上;媚男世界;极端设定;社会实验;反乌托邦;R18,龙傲天,2.0,101,453,670,474,338,240,男性至高的媚男世界-核心设定集,25
50-创意库/素材库/社区参考/卷狗？/旅程/16aeb85ed9e7a959.png,card,png,chara_card_v3,杨晓彤,上海名媛;拜金;崇洋媚外;黑人崇拜;R18;性开放;侮辱;现代都市,龙傲天,2.0,29,1203,203,463,242,220,杨晓彤的世界设定,20
50-创意库/素材库/社区参考/卷狗？/旅程/2.png,card,png,chara_card_v3,淫乱百合情侣,,,,81,0,0,279,0,0,,0
50-创意库/素材库/社区参考/卷狗？/旅程/20250611/0.8_1.png,card,png,chara_card_v3,[真飞鸟会梦见真番茄吗0.8],,,,377,0,0,1061,0,0,催眠堕落,81
50-创意库/素材库/社区参考/卷狗？/旅程/20250611/1.2.png,card,png,chara_card_v3,催眠,,,,0,0,0,5088,0,0,催眠,14
50-创意库/素材库/社区参考/卷狗？/旅程/20250611/1.png,card,png,chara_card_v3,媚华世界交换生,,,,2211,0,0,278,0,0,SNS状态,19
50-创意库/素材库/社区参考/卷狗？/旅程/20250611/158280100e851999.png,card,png,chara_card_v3,黑逼家族,,,,2670,0,0,330,0,0,黑逼家庭,2
50-创意库/素材库/社区参考/卷狗？/旅程/20250611/1760ef96fa8e493e.png,card,png,chara_card_v3,“生育”令使黄泉,,,,12714,0,0,1125,0,0,,0
50-创意库/素材库/社区参考/卷狗？/旅程/20250611/2faa3c5c57f41c22.png,card,png,chara_card_v3,龙珠：变奏曲,,FlowerDuet,v1.0,95,0,0,3855,0,0,《龙珠：变奏曲》V1.0,41
50-创意库/素材库/社区参考/卷狗？/旅程/20250611/378a43dfea046010.png,card,png,chara_card_v3,基友变姬友？在线等挺急的！,性别转换;幽默;情色;反差萌;互动故事;无绝望,AI 指南,2.0,487,407,154,1127,0,0,基友变姬友？在线等挺急的！'s Lorebook,8
50-创意库/素材库/社区参考/卷狗？/旅程/20250611/3c76356d696a05e1.png,card,png,chara_card_v3,《衾温犹共芙蓉枕，梦冷已隔万重山。》,,,,216,0,0,2410,0,0,《衾温犹共芙蓉枕，梦冷已隔万重山。》,15
50-创意库/素材库/社区参考/卷狗？/旅程/20250611/6.png,card,png,chara_card_v3,世界调制模式·重制版,,龙使者德丽莎,0.4(L),5446,0,0,1994,0,0,世界调制模式·重制版,11
50-创意库/素材库/社区参考/卷狗？/旅程/20250611/65c81426bdb1a40d.png,card,png,chara_card_v3,恶堕模拟器,,,,576,0,0,0,0,0,❤️‍🔥恶堕模拟器,22
50-创意库/素材库/社区参考/卷狗？/旅程/20250611/8725e3354dcff6e4.png,card,png,chara_card_v3,《铜雀春深锁二乔》,,,,216,0,0,969,0,0,《铜雀春深锁二乔》,6
50-创意库/素材库/社区参考/卷狗？/旅程/20250611/9595c9ee2ca64aae.png,card,png,chara_card_v3,虹猫蓝兔,,,,0,0,0,7304,0,0,七侠,17
50-创意库/素材库/社区参考/卷狗？/旅程/20250611/APP.png,card,png,chara_card_v3,催眠APP,,,,0,0,0,0,0,0,催眠APP,2
50-创意库/素材库/社区参考/卷狗？/旅程/20250611/M.png,card,png,chara_card_v3,周楚涵 (傲娇抖M同桌),傲娇;大小姐;抖M;反差;校园;现代;R18;羞辱,龙傲天,10.0,265,913,187,1297,855,702,周楚涵的世界设定集,40
50-创意库/素材库/社区参考/卷狗？/旅程/20250611/b43889bc1ccacd56.png,card,png,chara_card_v3,性处理义务化世界,,,,0,0,0,457,0,0,性处理义务化世界,10
50-创意库/素材库/社区参考/卷狗？/旅程/20250611/emperor2.png,card,png,chara_card_v3,皇帝模拟器昏君版,,,,3921,0,0,6645,0,0,皇帝模拟器,2
50-创意库/素材库/社区参考/卷狗？/旅程/20250611/f574c6abb102342f.png,card,png,chara_card_v3,万雌王姐姐,,,,0,0,0,3503,0,0,女同姐姐,6
50-创意库/素材库/社区参考/卷狗？/旅程/20250611/sexytown_v1.01.png,card,png,chara_card_v3,绯月湾,,Fortis,,595,0,0,1834,0,0,绯月湾,23
50-创意库/素材库/社区参考/卷狗？/旅程/20250611/v0.4.png,card,png,chara_card_v3,性癖大世界,,emo的lsp（超级无敌老色批）,0.4,502,0,0,278,0,0,X-性癖大世界,253
50-创意库/素材库/社区参考/卷狗？/旅程/20250611/v1.1.png,card,png,chara_card_v3,小猫咪与白月光,,emo的lsp,1.1,123,0,0,183,0,0,X-小猫咪与白月光,15
50-创意库/素材库/社区参考/卷狗？/旅程/20250630/1.png,card,png,chara_card_v3,好莱坞往事,,,,0,0,0,623,0,0,好莱坞往事,42
50-创意库/素材库/社区参考/卷狗？/旅程/20250630/135295.png,card,png,chara_card_v3,性-35病毒,,,,0,0,0,100,0,0,性-35病毒,10
50-创意库/素材库/社区参考/卷狗？/旅程/20250630/189904a3c9fb6d03.png,card,png,chara_card_v3,零犯罪率的世界,,,,1028,0,0,1524,0,0,------零犯罪率的世界,14
50-创意库/素材库/社区参考/卷狗？/旅程/20250630/2_1.png,card,png,chara_card_v3,满穗,,,,1098,0,0,1081,0,0,AA满穗状态栏,1
50-创意库/素材库/社区参考/卷狗？/旅程/20250630/3cf8860ca69557be.png,card,png,chara_card_v3,全球男性性功能退化而我却反向加强！？,,Mj,1.0,353,0,0,1571,0,0,全球男性性功能退化而我却反向加强,5
50-创意库/素材库/社区参考/卷狗？/旅程/20250630/79e039cc7f4e7aff.png,card,png,chara_card_v3,催眠眼镜,,,,1731,0,0,130,0,0,催眠眼镜系列,12
50-创意库/素材库/社区参考/卷狗？/旅程/20250717/0.2.png,card,png,chara_card_v3,人偶化程序,,,,480,0,0,295,0,0,人偶化的世界,2
50-创意库/素材库/社区参考/卷狗？/旅程/20250717/3.png,card,png,chara_card_v3,暴虐与色欲,,,,0,0,0,0,0,0,暴虐与色欲,22
50-创意库/素材库/社区参考/卷狗？/旅程/20250717/4.png,card,png,chara_card_v3,淫習村,,,,770,0,0,1791,0,0,淫習村,32
50-创意库/素材库/社区参考/卷狗？/旅程/20250717/app_7.png,card,png,chara_card_v2,家具app,系统;人体家具;常识修改,寒玉、龙使者,V4.2,3096,0,4,582,0,0,家具app-公众版,46
50-创意库/素材库/社区参考/卷狗？/旅程/20250818/3.0.png,card,png,chara_card_v3,曹贼模拟器,,,,784,0,0,7,0,0,_曹贼模拟器,49
50-创意库/素材库/社区参考/卷狗？/旅程/2444cb6222d9c4ff.png,card,png,chara_card_v3,扶弟魔的姐姐,,,,1028,0,0,2746,0,0,-----扶弟魔的姐姐,21
50-创意库/素材库/社区参考/卷狗？/旅程/3.png,card,png,chara_card_v3,喜欢扮演的女孩,,,,0,0,0,1548,0,0,__喜欢扮演的女孩,5
50-创意库/素材库/社区参考/卷狗？/旅程/4.png,card,png,chara_card_v3,中国队长,,,,182,0,0,0,0,0,_中国队长,37
50-创意库/素材库/社区参考/卷狗？/旅程/44ee3e58206221d5.png,card,png,chara_card_v3,绿奴娇妻,,,,0,0,0,345,0,0,！绿奴小粽和端午姐姐,7
50-创意库/素材库/社区参考/卷狗？/旅程/593eb61d685ce81c.png,card,png,chara_card_v3,虫族女皇,,,,3771,0,0,1656,0,0,虫族女皇,2
50-创意库/素材库/社区参考/卷狗？/旅程/7127e31138115715.png,card,png,chara_card_v3,被百合美少女牛了，但是偷到了出生点,,,,0,0,0,1140,0,0,一切战术转换家,20
50-创意库/素材库/社区参考/卷狗？/旅程/808aec71aec14656.png,card,png,chara_card_v3,带着女儿返乡,,,,0,0,0,1487,0,0,带着女儿返乡（美化版）,12
50-创意库/素材库/社区参考/卷狗？/旅程/8184b6dfa5744917.png,card,png,chara_card_v3,催眠美女老师,,,,1749,0,0,386,0,0,催眠美女教师,4
50-创意库/素材库/社区参考/卷狗？/旅程/83eb02ce316a44df.png,card,png,chara_card_v3,现在世界,,,,314,0,0,0,0,0,现在世界,31
50-创意库/素材库/社区参考/卷狗？/旅程/a57a93f3aec74729.png,card,png,chara_card_v3,头号玩家,,,,0,0,0,1241,0,0,性爱游戏,9
50-创意库/素材库/社区参考/卷狗？/旅程/b2265b3320860ea4.png,card,png,chara_card_v3,答疑区专用雨姐卡,,,,1714,0,0,3708,0,0,雨姐答疑,7
50-创意库/素材库/社区参考/卷狗？/旅程/c692de14d216538f.png,card,png,chara_card_v3,妖怪培育系统,人外，系统，养成,人寿银膜,1.0,208,0,0,1262,0,0,妖怪培育系统,9
50-创意库/素材库/社区参考/卷狗？/旅程/dec83aa5ba3a1625.png,card,png,chara_card_v3,在乱伦综艺里强肏偶像‘’女儿‘’,,,,310,0,0,3340,0,0,综艺大舞台是爸你就来,7
50-创意库/素材库/社区参考/卷狗？/旅程/v0.7.png,card,png,chara_card_v3,XP大全 - v0.7,,,,0,0,0,11,0,0,-XP大全 v0.7,275
50-创意库/素材库/社区参考/卷狗？/旅程/v0.72.png,card,png,chara_card_v3,奇怪的社团,,,,0,0,0,753,0,0,两个催眠社团不可能都想让我成为主人,43
50-创意库/素材库/社区参考/卷狗？/旅程/v1.0.png,card,png,chara_card_v3,我获得了月老的红绳v1.0,,,,19,0,0,3838,0,0,我获得了月老的红绳v1.0,16
50-创意库/素材库/社区参考/卷狗？/旅程/工具卡/12.png,card,png,chara_card_v3,珠矶,,,,350,0,0,1081,0,0,珠矶,39
50-创意库/素材库/社区参考/卷狗？/旅程/工具卡/5.png,card,png,chara_card_v3,萧谴写卡助手版,,,,173,0,0,1056,0,0,萧谴写卡助手v1.0,10
50-创意库/素材库/社区参考/卷狗？/类脑/1.6_2.png,card,png,chara_card_v3,卡琳典狱长1.6,,,,0,0,0,4835,0,0,卡琳典狱长1.6,16
50-创意库/素材库/社区参考/卷狗？/类脑/1.png,card,png,chara_card_v3,穿越小马，拉的就是大车,,,,0,0,0,2316,0,0,小马拉大车,19
50-创意库/素材库/社区参考/卷狗？/类脑/15_1.png,card,png,chara_card_v3,回响乐园1,,,,0,0,0,9,0,0,乐园回响NTL,150
50-创意库/素材库/社区参考/卷狗？/类脑/3.png,card,png,chara_card_v3,天渺大陆,,,,847,0,0,1186,0,0,天渺大陆2,111
50-创意库/素材库/社区参考/卷狗？/类脑/7729114c94bd5737.png,card,png,chara_card_v3,我的女友啾啾不可能这么淫乱！,,,,0,0,0,2127,0,0,鹿九九,7
50-创意库/素材库/社区参考/卷狗？/类脑/合家欢母猪丝袜隐奸隐欲.png,card,png,chara_card_v3,隐欲,,,,0,0,0,2144,0,0,隐欲 -苏韵柔，顾时薇，楚临月V3,15
50-创意库/素材库/美化/美化/双色盒子-深色.json,card,json,,双色盒子-深色,,,,0,0,0,0,0,0,,0
50-创意库/素材库/账号素材/账号/柒柒不染/云服酒馆/吉本学院（学生版）.png,card,png,chara_card_v3,吉本学院（学生版）,学园;超高自由度;学生;自由性行为;性课程;师生恋;情趣内衣;完全裸体;无需同意即可进行性行为;校园生活;{{user}}是学生,,1.0,1104,0,0,526,0,0,,0
50-创意库/素材库/账号素材/账号/柒柒不染/电子魅魔云酒馆/吉本学院（学生版）.png,card,png,chara_card_v2,吉本学院（学生版）,学园;超高自由度;学生;自由性行为;性课程;师生恋;情趣内衣;完全裸体;无需同意即可进行性行为;校园生活;{{user}}是学生;柒柒不染,,1.0,1105,0,0,526,0,0,,0
50-创意库/素材库/账号素材/账号/猫妖/【猫妖】抢你野怪和人头的夜苓.png,card,png,chara_card_v2,【猫妖】抢你野怪和人头的夜苓,少女;傲娇;恶劣;网络;游戏;变态;自恋狂,,,1444,363,28,116,64,0,,0
50-创意库/素材库/账号素材/账号/猫妖/什么故乡的百合花开？诶！你别扣我的豆豆啊！！！.png,card,png,chara_card_v3,什么故乡的百合花开？诶！你别扣我的豆豆啊！！！,百合;女同;夏橙;宁柒;BDSM;猫妖;纯爱;校园;姐妹恋;活泼可爱,@maoyaoyi ( 猫妖 ),1.0,2805,0,0,1096,0,0,,0
50-创意库/素材库/账号素材/账号/猫妖/兽耳娘小狗沈念汐.png,card,png,chara_card_v2,兽耳娘小狗沈念汐,,@maoyaoyi 猫妖,1.0,3851,0,0,900,0,0,兽耳娘小狗沈念汐,1
50-创意库/素材库/账号素材/账号/猫妖/因为记忆错乱，所以把你当成道士哥哥的涂山苏苏.png,card,png,chara_card_v3,因为记忆错乱，所以把你当成道士哥哥的涂山苏苏,狐妖小红娘;猫妖;涂山苏苏;白月初;NTL;狐妖;人妖;记忆错乱;傻白甜;人妖共存;再世续缘;苦情树,猫妖 ( @maoyaoyi ),1.0,711,0,0,924,0,0,狐妖小红娘（DZMM）,4
50-创意库/素材库/账号素材/账号/猫妖/在前院用井水给自己降温的沈荔 (1).png,card,png,chara_card_v2,在前院用井水给自己降温的沈荔,夏日;邻家;小镇;泼辣;丰腴;凉茶;老宅;暧昧;同居;猫妖,@maoyaoyi 猫妖,1.0,3428,0,0,1035,0,0,在前院用井水降温的沈荔,2
50-创意库/素材库/账号素材/账号/猫妖/在男厕给自己写字被你发现的日菜玉子.png,card,png,chara_card_v2,在男厕给自己写字被你发现的日菜玉子,猫妖;男厕;公厕;男生公厕;写字;BDSM;SM;奴隶;主人;主仆;日菜玉子;捆绑;束缚;宠物;k9;抖M,@maoyaoyi ( 猫妖 ),1.0,1425,0,0,1242,0,0,在男厕给自己写字的日菜玉子被你发现了,2
50-创意库/素材库/账号素材/账号/猫妖/妖庭大学（学生版）.png,card,png,chara_card_v3,妖庭大学（学生版）,学园;超高自由度;学生;自由性行为;性课程;师生恋;情趣内衣;完全裸体;无需同意即可进行性行为;校园生活;{{user}}是学生;猫妖,@maoyaoyi,1.0,1105,0,0,526,0,0,,0
50-创意库/素材库/账号素材/账号/猫妖/恶魔护照 (2).png,card,png,chara_card_v3,恶魔护照,哆唻A梦;恶魔护照;开发世界;催眠;控制;NTL;现代;猫妖,猫妖 ( @maoyaoyi ),1.0,593,0,0,1656,0,0,恶魔护照（DZMM）,2
50-创意库/素材库/账号素材/账号/猫妖/星野文奈1.png,card,png,chara_card_v3,星野文奈,纯爱;抖m;抖M;BDSM;猫妖;星野文奈;纯爱;恐男症;社恐;男性主导,@maoyaoyi,1.0,1645,0,0,939,0,0,,0
50-创意库/素材库/账号素材/账号/猫妖/白羽千夜 (1).png,card,png,chara_card_v3,白羽千夜,ntr;猫妖;雌小鬼;便利店;BDSM;调教;杂鱼;白羽千夜;口嗨;毒舌;大叔,@maoyaoyi,1.0,916,0,0,699,0,0,,0
50-创意库/素材库/账号素材/账号/猫妖/神乐月姬.png,card,png,chara_card_v3,神乐月姬,雌小鬼;神乐月姬;猫妖;纯爱;饭盒;鞋子;足控;恋足;羞辱,@maoyaoyi,1.0,1249,0,0,1332,0,0,神乐月姬,1
50-创意库/终结的炽天使-三路线/06-发布/旧版-三路线/终结的炽天使-三路线-v1.0.0.json,card,json,chara_card_v2,终结的炽天使：柊筱娅,同人;二创;终结的炽天使;柊筱娅;帝鬼军;剧情;单角色,,1.0.0,802,76,198,394,204,115,终结的炽天使·世界书,7
50-创意库/终结的炽天使-三路线/06-发布/旧版-三路线/终结的炽天使-三路线-v1.0.0.png,card,png,chara_card_v2,终结的炽天使：柊筱娅,同人;二创;终结的炽天使;柊筱娅;帝鬼军;剧情;单角色,,1.0.0,802,76,198,394,204,115,终结的炽天使·世界书,7
50-创意库/终结的炽天使-三路线/06-发布/旧版-月鬼组的黄昏/终结的炽天使-月鬼组的黄昏-v1.0.0.json,card,json,chara_card_v2,终结的炽天使：月鬼组的黄昏,同人;二创;终结的炽天使;帝鬼军;月鬼组;群像;军旅;剧情;成年设定,猫妖,1.0.0,876,71,124,458,179,108,,0
50-创意库/终结的炽天使-三路线/06-发布/旧版-月鬼组的黄昏/终结的炽天使-月鬼组的黄昏-v1.0.0.png,card,png,chara_card_v2,终结的炽天使：月鬼组的黄昏,同人;二创;终结的炽天使;帝鬼军;月鬼组;群像;军旅;剧情;成年设定,猫妖,1.0.0,876,71,124,458,179,108,,0
50-创意库/终结的炽天使-三路线/06-发布/终结的炽天使-v1.0.0.json,card,json,chara_card_v2,终结的炽天使,同人;二创;终结的炽天使;帝鬼军;月鬼组;群像;军旅;剧情;成年设定,猫妖,1.0.0,876,71,124,458,179,108,,0
50-创意库/终结的炽天使-三路线/06-发布/终结的炽天使-v1.0.0.png,card,png,chara_card_v2,终结的炽天使,同人;二创;终结的炽天使;帝鬼军;月鬼组;群像;军旅;剧情;成年设定,猫妖,1.0.0,876,71,124,458,179,108,,0
50-创意库/终结的炽天使-封锁区行动/06-发布/终结的炽天使-封锁区行动-v1.0.0.json,card,json,chara_card_v2,终结的炽天使：封锁区行动,同人;二创;终结的炽天使;游戏;战术;回合制;小队;帝鬼军;成年设定,,1.0.0,1042,71,87,376,194,93,,0
50-创意库/终结的炽天使-封锁区行动/06-发布/终结的炽天使-封锁区行动-v1.0.0.png,card,png,chara_card_v2,终结的炽天使：封锁区行动,同人;二创;终结的炽天使;游戏;战术;回合制;小队;帝鬼军;成年设定,,1.0.0,1042,71,87,376,194,93,,0
ai绘画/源文件/词库数据库/DELIVERY_MANIFEST_v7_r162.json,unknown,json,,,,,,0,0,0,0,0,0,,0
package.json,card,json,,agent-foundry-vault,,,,46,0,0,0,0,0,,0
policies/permissions.json,unknown,json,,,,,,0,0,0,0,0,0,,0
policies/routes.json,unknown,json,,,,,,0,0,0,0,0,0,,0
raw/dzmm/276403-全女宗门大开后宫-2026-08-09.png,card,png,chara_card_v2,在全女宗门大开后宫，一边操逼一边修仙吧,,,,1202,0,0,187,0,0,绮罗仙宗,10
raw/dzmm/3236827-寄宿在扶她家庭-艾草-2026-08-09.png,card,png,chara_card_v2,寄宿在扶她家庭的我会不会天天艾草,扶她;扶他;futa;futanari;艾草;参赛;留学生;寄宿;妈妈;人妻;熟女;巨乳;辣妹;黑皮;黑长直;JK;学生妹;闷骚;反差;巨屌;母女;母女丼;3P;4P,鬼玖sama,,0,0,20,1477,0,0,扶她留学艾草寄宿,20
